content_id,platform,account_id,published_at,content_type,topic,duration_seconds
note-000,xhs,synthetic-a1,2026-06-14 18:00:00,video,tutorial,75
note-001,xhs,synthetic-a1,2026-06-14 18:00:00,video,story,35
note-002,xhs,synthetic-a1,2026-06-15 18:00:00,video,story,35
note-003,xhs,synthetic-a1,2026-06-15 18:00:00,video,tutorial,35
note-004,xhs,synthetic-a1,2026-06-16 18:00:00,video,story,75
note-005,xhs,synthetic-a1,2026-06-16 18:00:00,video,story,35
note-006,xhs,synthetic-a1,2026-06-17 18:00:00,video,tutorial,35
note-007,xhs,synthetic-a1,2026-06-17 18:00:00,video,story,35
note-008,xhs,synthetic-a1,2026-06-18 18:00:00,video,story,75
note-009,xhs,synthetic-a1,2026-06-18 18:00:00,video,tutorial,35
note-010,xhs,synthetic-a1,2026-06-19 18:00:00,video,story,35
note-011,xhs,synthetic-a1,2026-06-19 18:00:00,video,story,35
note-012,xhs,synthetic-a1,2026-06-20 18:00:00,video,tutorial,75
note-013,xhs,synthetic-a1,2026-06-20 18:00:00,video,story,35
note-014,xhs,synthetic-a1,2026-06-21 18:00:00,video,story,35
note-015,xhs,synthetic-a1,2026-06-21 18:00:00,video,tutorial,35
note-016,xhs,synthetic-a1,2026-06-22 18:00:00,video,story,75
note-017,xhs,synthetic-a1,2026-06-22 18:00:00,video,story,35
note-018,xhs,synthetic-a1,2026-06-23 18:00:00,video,tutorial,35
note-019,xhs,synthetic-a1,2026-06-23 18:00:00,video,story,35
note-020,xhs,synthetic-a1,2026-06-24 18:00:00,video,,75
note-021,xhs,synthetic-a1,2026-06-24 18:00:00,video,tutorial,35
note-022,xhs,synthetic-a1,2026-06-25 18:00:00,video,story,35
note-023,xhs,synthetic-a1,2026-06-25 18:00:00,video,story,35
note-024,xhs,synthetic-a1,2026-06-26 18:00:00,video,tutorial,75
note-025,xhs,synthetic-a1,2026-06-26 18:00:00,video,story,35
note-026,xhs,synthetic-a1,2026-06-27 18:00:00,video,story,35
note-027,xhs,synthetic-a1,2026-06-27 18:00:00,video,tutorial,35
note-028,xhs,synthetic-a1,2026-06-28 18:00:00,video,story,75
note-029,xhs,synthetic-a1,2026-06-28 18:00:00,video,story,35
note-030,xhs,synthetic-a1,2026-06-29 18:00:00,video,tutorial,35
note-031,xhs,synthetic-a1,2026-06-29 18:00:00,video,story,35
note-032,xhs,synthetic-a1,2026-06-30 18:00:00,video,story,75
note-033,xhs,synthetic-a1,2026-06-30 18:00:00,video,tutorial,35
note-034,xhs,synthetic-a1,2026-07-01 18:00:00,video,story,35
note-035,xhs,synthetic-a1,2026-07-01 18:00:00,video,story,35
note-036,xhs,synthetic-a1,2026-07-02 18:00:00,video,tutorial,75
note-037,xhs,synthetic-a1,2026-07-02 18:00:00,video,story,35
note-038,xhs,synthetic-a1,2026-07-03 18:00:00,video,story,35
note-039,xhs,synthetic-a1,2026-07-03 18:00:00,video,tutorial,35
note-040,xhs,synthetic-a1,2026-07-04 18:00:00,video,story,75
note-041,xhs,synthetic-a1,2026-07-04 18:00:00,video,story,35
note-042,xhs,synthetic-a1,2026-07-05 18:00:00,video,tutorial,35
note-043,xhs,synthetic-a1,2026-07-05 18:00:00,video,story,35
note-044,xhs,synthetic-a1,2026-07-06 18:00:00,video,story,75
note-045,xhs,synthetic-a1,2026-07-06 18:00:00,video,tutorial,35
note-046,xhs,synthetic-a1,2026-07-07 18:00:00,video,story,35
note-047,xhs,synthetic-a1,2026-07-07 18:00:00,video,story,35
note-048,xhs,synthetic-a1,2026-07-08 18:00:00,video,tutorial,75
note-049,xhs,synthetic-a1,2026-07-08 18:00:00,video,story,35
note-050,xhs,synthetic-a1,2026-07-09 18:00:00,video,story,35
note-051,xhs,synthetic-a1,2026-07-09 18:00:00,video,tutorial,35
note-052,xhs,synthetic-a1,2026-07-10 18:00:00,video,story,75
note-053,xhs,synthetic-a1,2026-07-10 18:00:00,video,story,35
note-054,xhs,synthetic-a1,2026-07-11 18:00:00,video,tutorial,35
note-055,xhs,synthetic-a1,2026-07-11 18:00:00,video,story,35
note-056,xhs,synthetic-a1,2026-07-12 18:00:00,video,story,75
note-057,xhs,synthetic-a1,2026-07-12 18:00:00,video,tutorial,35
note-058,xhs,synthetic-a1,2026-07-13 18:00:00,video,story,35
note-059,xhs,synthetic-a1,2026-07-13 18:00:00,video,story,35
note-060,xhs,synthetic-a1,2026-07-14 18:00:00,video,tutorial,75
note-061,xhs,synthetic-a1,2026-07-14 18:00:00,video,story,35
note-062,xhs,synthetic-a1,2026-07-15 18:00:00,video,story,35
note-063,xhs,synthetic-a1,2026-07-15 18:00:00,video,tutorial,35
note-064,xhs,synthetic-a1,2026-07-16 18:00:00,video,story,75
note-065,xhs,synthetic-a1,2026-07-16 18:00:00,video,story,35
note-066,xhs,synthetic-a1,2026-07-17 18:00:00,video,tutorial,35
note-067,xhs,synthetic-a1,2026-07-17 18:00:00,video,story,35
note-068,xhs,synthetic-a1,2026-07-18 18:00:00,video,story,75
note-069,xhs,synthetic-a1,2026-07-18 18:00:00,video,tutorial,35
note-070,xhs,synthetic-a1,2026-07-19 18:00:00,video,story,35
note-071,xhs,synthetic-a1,2026-07-19 18:00:00,video,story,35
note-072,xhs,synthetic-a1,2026-07-20 18:00:00,video,tutorial,75
note-073,xhs,synthetic-a1,2026-07-20 18:00:00,video,story,35
note-074,xhs,synthetic-a1,2026-07-21 18:00:00,video,story,35
note-075,xhs,synthetic-a1,2026-07-21 18:00:00,video,tutorial,35
note-076,xhs,synthetic-a1,2026-07-22 18:00:00,video,story,75
note-077,xhs,synthetic-a1,2026-07-22 18:00:00,video,story,35
note-078,xhs,synthetic-a1,2026-07-23 18:00:00,video,tutorial,35
note-079,xhs,synthetic-a1,2026-07-23 18:00:00,video,story,35
note-080,xhs,synthetic-a1,2026-07-24 18:00:00,video,story,75
note-081,xhs,synthetic-a1,2026-07-24 18:00:00,video,tutorial,35
note-082,xhs,synthetic-a1,2026-07-25 18:00:00,video,story,35
note-083,xhs,synthetic-a1,2026-07-25 18:00:00,video,story,35
note-084,xhs,synthetic-a1,2026-07-26 18:00:00,video,tutorial,75
note-085,xhs,synthetic-a1,2026-07-26 18:00:00,video,story,35
note-086,xhs,synthetic-a1,2026-07-27 18:00:00,video,story,35
note-087,xhs,synthetic-a1,2026-07-27 18:00:00,video,tutorial,35
note-088,xhs,synthetic-a1,2026-07-28 18:00:00,video,story,75
note-089,xhs,synthetic-a1,2026-07-28 18:00:00,video,story,35
note-090,xhs,synthetic-a1,2026-07-29 18:00:00,video,tutorial,35
note-091,xhs,synthetic-a1,2026-07-29 18:00:00,video,story,35
note-092,xhs,synthetic-a1,2026-07-30 18:00:00,video,story,75
note-093,xhs,synthetic-a1,2026-07-30 18:00:00,video,tutorial,35
note-094,xhs,synthetic-a1,2026-07-31 18:00:00,video,story,35
note-095,xhs,synthetic-a1,2026-07-31 18:00:00,video,story,35
note-096,xhs,synthetic-a1,2026-08-01 18:00:00,video,tutorial,75
note-097,xhs,synthetic-a1,2026-08-01 18:00:00,video,story,35
note-098,xhs,synthetic-a1,2026-08-02 18:00:00,video,story,35
note-099,xhs,synthetic-a1,2026-08-02 18:00:00,video,tutorial,35
note-100,xhs,synthetic-a1,2026-08-03 18:00:00,video,story,75
note-101,xhs,synthetic-a1,2026-08-03 18:00:00,video,story,35
note-102,xhs,synthetic-a1,2026-08-04 18:00:00,video,tutorial,35
note-103,xhs,synthetic-a1,2026-08-04 18:00:00,video,story,35
note-104,xhs,synthetic-a1,2026-08-05 18:00:00,video,story,75
note-105,xhs,synthetic-a1,2026-08-05 18:00:00,video,tutorial,35
note-106,xhs,synthetic-a1,2026-08-06 18:00:00,video,story,35
note-107,xhs,synthetic-a1,2026-08-06 18:00:00,video,story,35
note-108,xhs,synthetic-a1,2026-08-07 18:00:00,video,tutorial,75
note-109,xhs,synthetic-a1,2026-08-07 18:00:00,video,story,35
note-110,xhs,synthetic-a1,2026-08-08 18:00:00,video,story,35
note-111,xhs,synthetic-a1,2026-08-08 18:00:00,video,tutorial,35
note-112,xhs,synthetic-a1,2026-08-09 18:00:00,video,story,75
note-113,xhs,synthetic-a1,2026-08-09 18:00:00,video,story,35
note-114,xhs,synthetic-a1,2026-08-10 18:00:00,video,tutorial,35
note-115,xhs,synthetic-a1,2026-08-10 18:00:00,video,story,35
note-116,xhs,synthetic-a1,2026-08-11 18:00:00,video,story,75
note-117,xhs,synthetic-a1,2026-08-11 18:00:00,video,tutorial,35
note-118,xhs,synthetic-a1,2026-08-12 18:00:00,video,story,35
note-119,xhs,synthetic-a1,2026-08-12 18:00:00,video,story,35
note-120,xhs,synthetic-a1,2026-08-13 18:00:00,video,tutorial,75
note-121,xhs,synthetic-a1,2026-08-13 18:00:00,video,story,35
note-122,xhs,synthetic-a1,2026-08-14 18:00:00,video,story,35
note-123,xhs,synthetic-a1,2026-08-14 18:00:00,video,tutorial,35
note-124,xhs,synthetic-a1,2026-08-15 18:00:00,video,story,75
note-125,xhs,synthetic-a1,2026-08-15 18:00:00,video,story,35
note-126,xhs,synthetic-a1,2026-08-16 18:00:00,video,tutorial,35
note-127,xhs,synthetic-a1,2026-08-16 18:00:00,video,story,35
note-128,xhs,synthetic-a1,2026-08-17 18:00:00,video,story,75
note-129,xhs,synthetic-a1,2026-08-17 18:00:00,video,tutorial,35
note-130,xhs,synthetic-a1,2026-08-18 18:00:00,video,story,35
note-131,xhs,synthetic-a1,2026-08-18 18:00:00,video,story,35
note-132,xhs,synthetic-a1,2026-08-19 18:00:00,video,tutorial,75
note-133,xhs,synthetic-a1,2026-08-19 18:00:00,video,story,35
note-134,xhs,synthetic-a1,2026-08-20 18:00:00,video,story,35
note-135,xhs,synthetic-a1,2026-08-20 18:00:00,video,tutorial,35
note-136,xhs,synthetic-a1,2026-08-21 18:00:00,video,story,75
note-137,xhs,synthetic-a1,2026-08-21 18:00:00,video,story,35
note-138,xhs,synthetic-a1,2026-08-22 18:00:00,video,tutorial,35
note-139,xhs,synthetic-a1,2026-08-22 18:00:00,video,story,35
note-140,xhs,synthetic-a1,2026-08-23 18:00:00,video,story,75
note-141,xhs,synthetic-a1,2026-08-23 18:00:00,video,tutorial,35
note-142,xhs,synthetic-a1,2026-08-24 18:00:00,video,story,35
note-143,xhs,synthetic-a1,2026-08-24 18:00:00,video,story,35
note-144,xhs,synthetic-a1,2026-08-25 18:00:00,video,tutorial,75
note-145,xhs,synthetic-a1,2026-08-25 18:00:00,video,story,35
note-146,xhs,synthetic-a1,2026-08-26 18:00:00,video,story,35
note-147,xhs,synthetic-a1,2026-08-26 18:00:00,video,tutorial,35
note-148,xhs,synthetic-a1,2026-08-27 18:00:00,video,story,75
note-149,xhs,synthetic-a1,2026-08-27 18:00:00,video,story,35
note-150,xhs,synthetic-a1,2026-08-28 18:00:00,video,tutorial,35
note-151,xhs,synthetic-a1,2026-08-28 18:00:00,video,story,35
note-152,xhs,synthetic-a1,2026-08-29 18:00:00,video,story,75
note-153,xhs,synthetic-a1,2026-08-29 18:00:00,video,tutorial,35
note-154,xhs,synthetic-a1,2026-08-30 18:00:00,video,story,35
note-155,xhs,synthetic-a1,2026-08-30 18:00:00,video,story,35
note-156,xhs,synthetic-a1,2026-08-31 18:00:00,video,tutorial,75
note-157,xhs,synthetic-a1,2026-08-31 18:00:00,video,story,35
note-158,xhs,synthetic-a1,2026-09-01 18:00:00,video,story,35
note-159,xhs,synthetic-a1,2026-09-01 18:00:00,video,tutorial,35
note-160,xhs,synthetic-a1,2026-09-02 18:00:00,video,story,75
note-161,xhs,synthetic-a1,2026-09-02 18:00:00,video,story,35
note-162,xhs,synthetic-a1,2026-09-03 18:00:00,video,tutorial,35
note-163,xhs,synthetic-a1,2026-09-03 18:00:00,video,story,35
note-164,xhs,synthetic-a1,2026-09-04 18:00:00,video,story,75
note-165,xhs,synthetic-a1,2026-09-04 18:00:00,video,tutorial,35
note-166,xhs,synthetic-a1,2026-09-05 18:00:00,video,story,75
note-167,xhs,synthetic-a1,2026-09-05 18:00:00,video,story,75
note-168,xhs,synthetic-a1,2026-09-06 18:00:00,video,tutorial,75
note-169,xhs,synthetic-a1,2026-09-06 18:00:00,video,story,75
note-170,xhs,synthetic-a1,2026-09-07 18:00:00,video,story,75
note-171,xhs,synthetic-a1,2026-09-07 18:00:00,video,tutorial,75
note-172,xhs,synthetic-a1,2026-09-08 18:00:00,video,story,75
note-173,xhs,synthetic-a1,2026-09-08 18:00:00,video,story,75
note-174,xhs,synthetic-a1,2026-09-09 18:00:00,video,tutorial,75
note-175,xhs,synthetic-a1,2026-09-09 18:00:00,video,story,75
note-176,xhs,synthetic-a1,2026-09-10 18:00:00,video,story,75
note-177,xhs,synthetic-a1,2026-09-10 18:00:00,video,tutorial,75
note-178,xhs,synthetic-a1,2026-09-11 18:00:00,video,story,75
note-179,xhs,synthetic-a1,2026-09-11 18:00:00,video,story,75
