date,content_id,platform,account_id,impressions,views,likes,comments,saves,shares,completed_views,follows
2026-06-14,note-000,xhs,synthetic-a1,1946,973,48,9,97,9,681,29
2026-06-14,note-001,xhs,synthetic-a1,2026,1013,50,10,30,10,709,30
2026-06-15,note-002,xhs,synthetic-a1,1994,997,49,9,29,9,697,29
2026-06-15,note-003,xhs,synthetic-a1,1966,983,49,9,98,9,688,29
2026-06-16,note-004,xhs,synthetic-a1,1954,977,48,9,29,9,683,29
2026-06-16,note-005,xhs,synthetic-a1,1942,971,48,9,29,9,679,29
2026-06-17,note-006,xhs,synthetic-a1,2018,1009,50,10,100,10,706,30
2026-06-17,note-007,xhs,synthetic-a1,2028,1014,50,10,30,10,709,30
2026-06-18,note-008,xhs,synthetic-a1,2012,1006,50,10,30,10,704,30
2026-06-18,note-009,xhs,synthetic-a1,2026,1013,50,10,101,10,709,30
2026-06-19,note-010,xhs,synthetic-a1,2016,1008,50,10,30,10,705,30
2026-06-19,note-011,xhs,synthetic-a1,2046,1023,51,10,30,10,716,30
2026-06-20,note-012,xhs,synthetic-a1,2054,1027,51,10,102,10,718,30
2026-06-20,note-013,xhs,synthetic-a1,2052,1026,51,10,30,10,718,30
2026-06-21,note-014,xhs,synthetic-a1,2000,1000,50,10,30,10,700,30
2026-06-21,note-015,xhs,synthetic-a1,1950,975,48,9,97,9,682,29
2026-06-22,note-016,xhs,synthetic-a1,1964,982,49,9,29,9,687,29
2026-06-22,note-017,xhs,synthetic-a1,2028,1014,50,10,30,10,709,30
2026-06-23,note-018,xhs,synthetic-a1,1950,975,48,9,97,9,682,29
2026-06-23,note-019,xhs,synthetic-a1,2002,1001,50,10,30,10,700,30
2026-06-24,note-020,xhs,synthetic-a1,1996,998,49,9,29,9,698,29
2026-06-24,note-021,xhs,synthetic-a1,2010,1005,50,10,100,10,703,30
2026-06-25,note-022,xhs,synthetic-a1,2028,1014,50,10,30,10,709,30
2026-06-25,note-023,xhs,synthetic-a1,2012,1006,50,10,30,10,704,30
2026-06-26,note-024,xhs,synthetic-a1,1946,973,48,9,97,9,681,29
2026-06-26,note-025,xhs,synthetic-a1,2024,1012,50,10,30,10,708,30
2026-06-27,note-026,xhs,synthetic-a1,2014,1007,50,10,30,10,704,30
2026-06-27,note-027,xhs,synthetic-a1,1948,974,48,9,97,9,681,29
2026-06-28,note-028,xhs,synthetic-a1,1982,991,49,9,29,9,693,29
2026-06-28,note-029,xhs,synthetic-a1,2042,1021,51,10,30,10,714,30
2026-06-29,note-030,xhs,synthetic-a1,2028,1014,50,10,101,10,709,30
2026-06-29,note-031,xhs,synthetic-a1,2008,1004,50,10,30,10,702,30
2026-06-30,note-032,xhs,synthetic-a1,2002,1001,50,10,30,10,700,30
2026-06-30,note-033,xhs,synthetic-a1,2040,1020,51,10,102,10,714,30
2026-07-01,note-034,xhs,synthetic-a1,1944,972,48,9,29,9,680,29
2026-07-01,note-035,xhs,synthetic-a1,1996,998,49,9,29,9,698,29
2026-07-02,note-036,xhs,synthetic-a1,2056,1028,51,10,102,10,719,30
2026-07-02,note-037,xhs,synthetic-a1,2060,1030,51,10,30,10,721,30
2026-07-03,note-038,xhs,synthetic-a1,2004,1002,50,10,30,10,701,30
2026-07-03,note-039,xhs,synthetic-a1,1952,976,48,9,97,9,683,29
2026-07-04,note-040,xhs,synthetic-a1,2000,1000,50,10,30,10,700,30
2026-07-04,note-041,xhs,synthetic-a1,1996,998,49,9,29,9,698,29
2026-07-05,note-042,xhs,synthetic-a1,1948,974,48,9,97,9,681,29
2026-07-05,note-043,xhs,synthetic-a1,1958,979,48,9,29,9,685,29
2026-07-06,note-044,xhs,synthetic-a1,1968,984,49,9,29,9,688,29
2026-07-06,note-045,xhs,synthetic-a1,1956,978,48,9,97,9,684,29
2026-07-07,note-046,xhs,synthetic-a1,2012,1006,50,10,30,10,704,30
2026-07-07,note-047,xhs,synthetic-a1,1952,976,48,9,29,9,683,29
2026-07-08,note-048,xhs,synthetic-a1,1968,984,49,9,98,9,688,29
2026-07-08,note-049,xhs,synthetic-a1,1970,985,49,9,29,9,689,29
2026-07-09,note-050,xhs,synthetic-a1,1982,12000,49,9,29,9,693,29
2026-07-09,note-051,xhs,synthetic-a1,1960,980,49,9,98,9,686,29
2026-07-10,note-052,xhs,synthetic-a1,2034,1017,50,10,30,10,711,30
2026-07-10,note-053,xhs,synthetic-a1,1980,990,49,9,29,9,693,29
2026-07-11,note-054,xhs,synthetic-a1,2032,1016,50,10,101,10,711,30
2026-07-11,note-055,xhs,synthetic-a1,1956,978,48,9,29,9,684,29
2026-07-12,note-056,xhs,synthetic-a1,2058,1029,51,10,30,10,720,30
2026-07-12,note-057,xhs,synthetic-a1,1952,976,48,9,97,9,683,29
2026-07-13,note-058,xhs,synthetic-a1,1960,980,49,9,29,9,686,29
2026-07-13,note-059,xhs,synthetic-a1,2028,1014,50,10,30,10,709,30
2026-07-14,note-060,xhs,synthetic-a1,1968,984,49,9,98,9,688,29
2026-07-14,note-061,xhs,synthetic-a1,2006,1003,50,10,30,10,702,30
2026-07-15,note-062,xhs,synthetic-a1,2058,1029,51,10,30,10,720,30
2026-07-15,note-063,xhs,synthetic-a1,2042,1021,51,10,102,10,714,30
2026-07-16,note-064,xhs,synthetic-a1,1996,998,49,9,29,9,698,29
2026-07-16,note-065,xhs,synthetic-a1,1952,976,48,9,29,9,683,29
2026-07-17,note-066,xhs,synthetic-a1,1974,987,49,9,98,9,690,29
2026-07-17,note-067,xhs,synthetic-a1,1980,990,49,9,29,9,693,29
2026-07-18,note-068,xhs,synthetic-a1,1946,973,48,9,29,9,681,29
2026-07-18,note-069,xhs,synthetic-a1,1944,972,48,9,97,9,680,29
2026-07-19,note-070,xhs,synthetic-a1,1980,990,49,9,29,9,693,29
2026-07-19,note-071,xhs,synthetic-a1,2060,1030,51,10,30,10,721,30
2026-07-20,note-072,xhs,synthetic-a1,2028,1014,50,10,101,10,709,30
2026-07-20,note-073,xhs,synthetic-a1,2032,1016,50,10,30,10,711,30
2026-07-21,note-074,xhs,synthetic-a1,1968,984,49,9,29,9,688,29
2026-07-21,note-075,xhs,synthetic-a1,1994,997,49,9,99,9,697,29
2026-07-22,note-076,xhs,synthetic-a1,1998,999,49,9,29,9,699,29
2026-07-22,note-077,xhs,synthetic-a1,1948,974,48,9,29,9,681,29
2026-07-23,note-078,xhs,synthetic-a1,1958,979,48,9,97,9,685,29
2026-07-23,note-079,xhs,synthetic-a1,1958,979,48,9,29,9,685,29
2026-07-24,note-080,xhs,synthetic-a1,2058,1029,51,10,30,10,720,30
2026-07-24,note-081,xhs,synthetic-a1,1960,980,49,9,98,9,686,29
2026-07-25,note-082,xhs,synthetic-a1,2038,1019,50,10,30,10,713,30
2026-07-25,note-083,xhs,synthetic-a1,2012,1006,50,10,30,10,704,30
2026-07-26,note-084,xhs,synthetic-a1,1948,974,48,9,97,9,681,29
2026-07-26,note-085,xhs,synthetic-a1,1966,983,49,9,29,9,688,29
2026-07-27,note-086,xhs,synthetic-a1,2026,1013,50,10,30,10,709,30
2026-07-27,note-087,xhs,synthetic-a1,1994,997,49,9,99,9,697,29
2026-07-28,note-088,xhs,synthetic-a1,1992,996,49,9,29,9,697,29
2026-07-28,note-089,xhs,synthetic-a1,1948,974,48,9,29,9,681,29
2026-07-29,note-090,xhs,synthetic-a1,1950,975,48,9,97,9,682,29
2026-07-29,note-091,xhs,synthetic-a1,2052,1026,51,10,30,10,718,30
2026-07-30,note-092,xhs,synthetic-a1,1964,982,49,9,29,9,687,29
2026-07-30,note-093,xhs,synthetic-a1,1964,982,49,9,98,9,687,29
2026-07-31,note-094,xhs,synthetic-a1,1986,993,49,9,29,9,695,29
2026-07-31,note-095,xhs,synthetic-a1,1960,980,49,9,29,9,686,29
2026-08-01,note-096,xhs,synthetic-a1,1950,975,48,9,97,9,682,29
2026-08-01,note-097,xhs,synthetic-a1,2042,1021,51,10,30,10,714,30
2026-08-02,note-098,xhs,synthetic-a1,1966,983,49,9,29,9,688,29
2026-08-02,note-099,xhs,synthetic-a1,1992,996,49,9,99,9,697,29
2026-08-03,note-100,xhs,synthetic-a1,2006,1003,50,10,30,10,702,30
2026-08-03,note-101,xhs,synthetic-a1,1944,972,48,9,29,9,680,29
2026-08-04,note-102,xhs,synthetic-a1,2028,1014,50,10,101,10,709,30
2026-08-04,note-103,xhs,synthetic-a1,2034,1017,50,10,30,10,711,30
2026-08-05,note-104,xhs,synthetic-a1,1948,974,48,9,29,9,681,29
2026-08-05,note-105,xhs,synthetic-a1,2052,1026,51,10,102,10,718,30
2026-08-06,note-106,xhs,synthetic-a1,2012,1006,50,10,30,10,704,30
2026-08-06,note-107,xhs,synthetic-a1,2050,1025,51,10,30,10,717,30
2026-08-07,note-108,xhs,synthetic-a1,2038,1019,50,10,101,10,713,30
2026-08-07,note-109,xhs,synthetic-a1,2040,1020,51,10,30,10,714,30
2026-08-08,note-110,xhs,synthetic-a1,2018,1009,50,10,30,10,706,30
2026-08-08,note-111,xhs,synthetic-a1,2018,1009,50,10,100,10,706,30
2026-08-09,note-112,xhs,synthetic-a1,1966,983,49,9,29,9,688,29
2026-08-09,note-113,xhs,synthetic-a1,2014,1007,50,10,30,10,704,30
2026-08-10,note-114,xhs,synthetic-a1,2004,1002,50,10,100,10,701,30
2026-08-10,note-115,xhs,synthetic-a1,2060,1030,51,10,30,10,721,30
2026-08-11,note-116,xhs,synthetic-a1,1972,986,49,9,29,9,690,29
2026-08-11,note-117,xhs,synthetic-a1,1952,976,48,9,97,9,683,29
2026-08-12,note-118,xhs,synthetic-a1,2038,1019,50,10,30,10,713,30
2026-08-12,note-119,xhs,synthetic-a1,1954,977,48,9,29,9,683,29
2026-08-13,note-120,xhs,synthetic-a1,2026,1013,50,10,101,10,709,30
2026-08-13,note-121,xhs,synthetic-a1,1982,991,49,9,29,9,693,29
2026-08-14,note-122,xhs,synthetic-a1,1986,993,49,9,29,9,695,29
2026-08-14,note-123,xhs,synthetic-a1,1960,980,49,9,98,9,686,29
2026-08-15,note-124,xhs,synthetic-a1,2022,1011,50,10,30,10,707,30
2026-08-15,note-125,xhs,synthetic-a1,2004,1002,50,10,30,10,701,30
2026-08-16,note-126,xhs,synthetic-a1,2006,1003,50,10,100,10,702,30
2026-08-16,note-127,xhs,synthetic-a1,2046,1023,51,10,30,10,716,30
2026-08-17,note-128,xhs,synthetic-a1,2046,1023,51,10,30,10,716,30
2026-08-17,note-129,xhs,synthetic-a1,1966,983,49,9,98,9,688,29
2026-08-18,note-130,xhs,synthetic-a1,1986,993,49,9,29,9,695,29
2026-08-18,note-131,xhs,synthetic-a1,1962,981,49,9,29,9,686,29
2026-08-19,note-132,xhs,synthetic-a1,2048,1024,51,10,102,10,716,30
2026-08-19,note-133,xhs,synthetic-a1,2020,1010,50,10,30,10,707,30
2026-08-20,note-134,xhs,synthetic-a1,1996,998,49,9,29,9,698,29
2026-08-20,note-135,xhs,synthetic-a1,1944,972,48,9,97,9,680,29
2026-08-21,note-136,xhs,synthetic-a1,1976,988,49,9,29,9,691,29
2026-08-21,note-137,xhs,synthetic-a1,2024,1012,50,10,30,10,708,30
2026-08-22,note-138,xhs,synthetic-a1,2000,1000,50,10,100,10,700,30
2026-08-22,note-139,xhs,synthetic-a1,2014,1007,50,10,30,10,704,30
2026-08-23,note-140,xhs,synthetic-a1,1988,994,49,9,29,9,695,29
2026-08-23,note-141,xhs,synthetic-a1,1956,978,48,9,97,9,684,29
2026-08-24,note-142,xhs,synthetic-a1,1982,991,49,9,29,9,693,29
2026-08-24,note-143,xhs,synthetic-a1,1948,974,48,9,29,9,681,29
2026-08-25,note-144,xhs,synthetic-a1,1988,994,49,9,99,9,695,29
2026-08-25,note-145,xhs,synthetic-a1,1970,985,49,9,29,9,689,29
2026-08-26,note-146,xhs,synthetic-a1,2038,1019,50,10,30,10,713,30
2026-08-26,note-147,xhs,synthetic-a1,2058,1029,51,10,102,10,720,30
2026-08-27,note-148,xhs,synthetic-a1,1946,973,48,9,29,9,681,29
2026-08-27,note-149,xhs,synthetic-a1,2002,1001,50,10,30,10,700,30
2026-08-28,note-150,xhs,synthetic-a1,2012,1006,50,10,100,10,704,30
2026-08-28,note-151,xhs,synthetic-a1,1996,998,49,9,29,9,698,29
2026-08-29,note-152,xhs,synthetic-a1,1952,976,48,9,29,9,683,29
2026-08-29,note-153,xhs,synthetic-a1,2016,1008,50,10,100,10,705,30
2026-08-30,note-154,xhs,synthetic-a1,1988,994,49,9,29,9,695,29
2026-08-30,note-155,xhs,synthetic-a1,1988,994,49,9,29,9,695,29
2026-08-31,note-156,xhs,synthetic-a1,2046,1023,51,10,102,10,716,30
2026-08-31,note-157,xhs,synthetic-a1,2024,1012,50,10,30,10,708,30
2026-09-01,note-158,xhs,synthetic-a1,1956,978,48,9,29,9,684,29
2026-09-01,note-159,xhs,synthetic-a1,2008,1004,50,10,100,10,702,30
2026-09-02,note-160,xhs,synthetic-a1,2048,1024,51,10,30,10,716,30
2026-09-02,note-161,xhs,synthetic-a1,2040,1020,51,10,30,10,714,30
2026-09-03,note-162,xhs,synthetic-a1,1980,990,49,9,99,9,693,29
2026-09-03,note-163,xhs,synthetic-a1,1976,988,49,9,29,9,691,29
2026-09-04,note-164,xhs,synthetic-a1,2000,1000,50,10,30,10,700,30
2026-09-04,note-165,xhs,synthetic-a1,2054,1027,51,10,102,10,718,30
2026-09-05,note-166,xhs,synthetic-a1,1256,628,31,6,18,6,251,6
2026-09-05,note-167,xhs,synthetic-a1,1256,628,31,6,18,6,251,6
2026-09-06,note-168,xhs,synthetic-a1,1254,627,31,6,62,6,250,6
2026-09-06,note-169,xhs,synthetic-a1,1172,586,29,5,17,5,234,5
2026-09-07,note-170,xhs,synthetic-a1,1150,575,28,5,17,5,230,5
2026-09-07,note-171,xhs,synthetic-a1,1242,621,31,6,62,6,248,6
2026-09-08,note-172,xhs,synthetic-a1,1162,581,29,5,17,5,232,5
2026-09-08,note-173,xhs,synthetic-a1,1166,583,29,5,17,5,233,5
2026-09-09,note-174,xhs,synthetic-a1,1240,620,31,6,62,6,248,6
2026-09-09,note-175,xhs,synthetic-a1,1222,611,30,6,18,6,244,6
2026-09-10,note-176,xhs,synthetic-a1,1146,573,28,5,17,5,229,5
2026-09-10,note-177,xhs,synthetic-a1,1164,582,29,5,58,5,232,5
2026-09-11,note-178,xhs,synthetic-a1,1142,571,28,5,17,5,228,5
2026-09-11,note-179,xhs,synthetic-a1,1220,610,30,6,18,6,244,6
2026-06-15,note-000,xhs,synthetic-a1,1946,10,48,9,97,9,681,29
