content_id,review_started_at,review_completed_at,scheduled_at,published_at,revision_count,production_cost
note-000,2026-06-10 09:00:00,2026-06-11 09:00:00,2026-06-14 17:00:00,2026-06-14 18:00:00,2,100
note-001,2026-06-10 09:00:00,2026-06-11 09:00:00,2026-06-14 17:00:00,2026-06-14 18:00:00,2,100
note-002,2026-06-11 09:00:00,2026-06-12 09:00:00,2026-06-15 17:00:00,2026-06-15 18:00:00,2,100
note-003,2026-06-11 09:00:00,2026-06-12 09:00:00,2026-06-15 17:00:00,2026-06-15 18:00:00,2,100
note-004,2026-06-12 09:00:00,2026-06-13 09:00:00,2026-06-16 17:00:00,2026-06-16 18:00:00,2,100
note-005,2026-06-12 09:00:00,2026-06-13 09:00:00,2026-06-16 17:00:00,2026-06-16 18:00:00,2,100
note-006,2026-06-13 09:00:00,2026-06-14 09:00:00,2026-06-17 17:00:00,2026-06-17 18:00:00,2,100
note-007,2026-06-13 09:00:00,2026-06-14 09:00:00,2026-06-17 17:00:00,2026-06-17 18:00:00,2,100
note-008,2026-06-14 09:00:00,2026-06-15 09:00:00,2026-06-18 17:00:00,2026-06-18 18:00:00,2,100
note-009,2026-06-14 09:00:00,2026-06-15 09:00:00,2026-06-18 17:00:00,2026-06-18 18:00:00,2,100
note-010,2026-06-15 09:00:00,2026-06-16 09:00:00,2026-06-19 17:00:00,2026-06-19 18:00:00,2,100
note-011,2026-06-15 09:00:00,2026-06-16 09:00:00,2026-06-19 17:00:00,2026-06-19 18:00:00,2,100
note-012,2026-06-16 09:00:00,2026-06-17 09:00:00,2026-06-20 17:00:00,2026-06-20 18:00:00,2,100
note-013,2026-06-16 09:00:00,2026-06-17 09:00:00,2026-06-20 17:00:00,2026-06-20 18:00:00,2,100
note-014,2026-06-17 09:00:00,2026-06-18 09:00:00,2026-06-21 17:00:00,2026-06-21 18:00:00,2,100
note-015,2026-06-17 09:00:00,2026-06-18 09:00:00,2026-06-21 17:00:00,2026-06-21 18:00:00,2,100
note-016,2026-06-18 09:00:00,2026-06-19 09:00:00,2026-06-22 17:00:00,2026-06-22 18:00:00,2,100
note-017,2026-06-18 09:00:00,2026-06-19 09:00:00,2026-06-22 17:00:00,2026-06-22 18:00:00,2,100
note-018,2026-06-19 09:00:00,2026-06-20 09:00:00,2026-06-23 17:00:00,2026-06-23 18:00:00,2,100
note-019,2026-06-19 09:00:00,2026-06-20 09:00:00,2026-06-23 17:00:00,2026-06-23 18:00:00,2,100
note-020,2026-06-20 09:00:00,2026-06-21 09:00:00,2026-06-24 17:00:00,2026-06-24 18:00:00,2,100
note-021,2026-06-20 09:00:00,2026-06-21 09:00:00,2026-06-24 17:00:00,2026-06-24 18:00:00,2,100
note-022,2026-06-21 09:00:00,2026-06-22 09:00:00,2026-06-25 17:00:00,2026-06-25 18:00:00,2,100
note-023,2026-06-21 09:00:00,2026-06-22 09:00:00,2026-06-25 17:00:00,2026-06-25 18:00:00,2,100
note-024,2026-06-22 09:00:00,2026-06-23 09:00:00,2026-06-26 17:00:00,2026-06-26 18:00:00,2,100
note-025,2026-06-22 09:00:00,2026-06-23 09:00:00,2026-06-26 17:00:00,2026-06-26 18:00:00,2,100
note-026,2026-06-23 09:00:00,2026-06-24 09:00:00,2026-06-27 17:00:00,2026-06-27 18:00:00,2,100
note-027,2026-06-23 09:00:00,2026-06-24 09:00:00,2026-06-27 17:00:00,2026-06-27 18:00:00,2,100
note-028,2026-06-24 09:00:00,2026-06-25 09:00:00,2026-06-28 17:00:00,2026-06-28 18:00:00,2,100
note-029,2026-06-24 09:00:00,2026-06-25 09:00:00,2026-06-28 17:00:00,2026-06-28 18:00:00,2,100
note-030,2026-06-25 09:00:00,2026-06-26 09:00:00,2026-06-29 17:00:00,2026-06-29 18:00:00,2,100
note-031,2026-06-25 09:00:00,2026-06-26 09:00:00,2026-06-29 17:00:00,2026-06-29 18:00:00,2,100
note-032,2026-06-26 09:00:00,2026-06-27 09:00:00,2026-06-30 17:00:00,2026-06-30 18:00:00,2,100
note-033,2026-06-26 09:00:00,2026-06-27 09:00:00,2026-06-30 17:00:00,2026-06-30 18:00:00,2,100
note-034,2026-06-27 09:00:00,2026-06-28 09:00:00,2026-07-01 17:00:00,2026-07-01 18:00:00,2,100
note-035,2026-06-27 09:00:00,2026-06-28 09:00:00,2026-07-01 17:00:00,2026-07-01 18:00:00,2,100
note-036,2026-06-28 09:00:00,2026-06-29 09:00:00,2026-07-02 17:00:00,2026-07-02 18:00:00,2,100
note-037,2026-06-28 09:00:00,2026-06-29 09:00:00,2026-07-02 17:00:00,2026-07-02 18:00:00,2,100
note-038,2026-06-29 09:00:00,2026-06-30 09:00:00,2026-07-03 17:00:00,2026-07-03 18:00:00,2,100
note-039,2026-06-29 09:00:00,2026-06-30 09:00:00,2026-07-03 17:00:00,2026-07-03 18:00:00,2,100
note-040,2026-06-30 09:00:00,2026-07-01 09:00:00,2026-07-04 17:00:00,2026-07-04 18:00:00,2,100
note-041,2026-06-30 09:00:00,2026-07-01 09:00:00,2026-07-04 17:00:00,2026-07-04 18:00:00,2,100
note-042,2026-07-01 09:00:00,2026-07-02 09:00:00,2026-07-05 17:00:00,2026-07-05 18:00:00,2,100
note-043,2026-07-01 09:00:00,2026-07-02 09:00:00,2026-07-05 17:00:00,2026-07-05 18:00:00,2,100
note-044,2026-07-02 09:00:00,2026-07-03 09:00:00,2026-07-06 17:00:00,2026-07-06 18:00:00,2,100
note-045,2026-07-02 09:00:00,2026-07-03 09:00:00,2026-07-06 17:00:00,2026-07-06 18:00:00,2,100
note-046,2026-07-03 09:00:00,2026-07-04 09:00:00,2026-07-07 17:00:00,2026-07-07 18:00:00,2,100
note-047,2026-07-03 09:00:00,2026-07-04 09:00:00,2026-07-07 17:00:00,2026-07-07 18:00:00,2,100
note-048,2026-07-04 09:00:00,2026-07-05 09:00:00,2026-07-08 17:00:00,2026-07-08 18:00:00,2,100
note-049,2026-07-04 09:00:00,2026-07-05 09:00:00,2026-07-08 17:00:00,2026-07-08 18:00:00,2,100
note-050,2026-07-05 09:00:00,2026-07-06 09:00:00,2026-07-09 17:00:00,2026-07-09 18:00:00,2,100
note-051,2026-07-05 09:00:00,2026-07-06 09:00:00,2026-07-09 17:00:00,2026-07-09 18:00:00,2,100
note-052,2026-07-06 09:00:00,2026-07-07 09:00:00,2026-07-10 17:00:00,2026-07-10 18:00:00,2,100
note-053,2026-07-06 09:00:00,2026-07-07 09:00:00,2026-07-10 17:00:00,2026-07-10 18:00:00,2,100
note-054,2026-07-07 09:00:00,2026-07-08 09:00:00,2026-07-11 17:00:00,2026-07-11 18:00:00,2,100
note-055,2026-07-07 09:00:00,2026-07-08 09:00:00,2026-07-11 17:00:00,2026-07-11 18:00:00,2,100
note-056,2026-07-08 09:00:00,2026-07-09 09:00:00,2026-07-12 17:00:00,2026-07-12 18:00:00,2,100
note-057,2026-07-08 09:00:00,2026-07-09 09:00:00,2026-07-12 17:00:00,2026-07-12 18:00:00,2,100
note-058,2026-07-09 09:00:00,2026-07-10 09:00:00,2026-07-13 17:00:00,2026-07-13 18:00:00,2,100
note-059,2026-07-09 09:00:00,2026-07-10 09:00:00,2026-07-13 17:00:00,2026-07-13 18:00:00,2,100
note-060,2026-07-10 09:00:00,2026-07-11 09:00:00,2026-07-14 17:00:00,2026-07-14 18:00:00,2,100
note-061,2026-07-10 09:00:00,2026-07-11 09:00:00,2026-07-14 17:00:00,2026-07-14 18:00:00,2,100
note-062,2026-07-11 09:00:00,2026-07-12 09:00:00,2026-07-15 17:00:00,2026-07-15 18:00:00,2,100
note-063,2026-07-11 09:00:00,2026-07-12 09:00:00,2026-07-15 17:00:00,2026-07-15 18:00:00,2,100
note-064,2026-07-12 09:00:00,2026-07-13 09:00:00,2026-07-16 17:00:00,2026-07-16 18:00:00,2,100
note-065,2026-07-12 09:00:00,2026-07-13 09:00:00,2026-07-16 17:00:00,2026-07-16 18:00:00,2,100
note-066,2026-07-13 09:00:00,2026-07-14 09:00:00,2026-07-17 17:00:00,2026-07-17 18:00:00,2,100
note-067,2026-07-13 09:00:00,2026-07-14 09:00:00,2026-07-17 17:00:00,2026-07-17 18:00:00,2,100
note-068,2026-07-14 09:00:00,2026-07-15 09:00:00,2026-07-18 17:00:00,2026-07-18 18:00:00,2,100
note-069,2026-07-14 09:00:00,2026-07-15 09:00:00,2026-07-18 17:00:00,2026-07-18 18:00:00,2,100
note-070,2026-07-15 09:00:00,2026-07-16 09:00:00,2026-07-19 17:00:00,2026-07-19 18:00:00,2,100
note-071,2026-07-15 09:00:00,2026-07-16 09:00:00,2026-07-19 17:00:00,2026-07-19 18:00:00,2,100
note-072,2026-07-16 09:00:00,2026-07-17 09:00:00,2026-07-20 17:00:00,2026-07-20 18:00:00,2,100
note-073,2026-07-16 09:00:00,2026-07-17 09:00:00,2026-07-20 17:00:00,2026-07-20 18:00:00,2,100
note-074,2026-07-17 09:00:00,2026-07-18 09:00:00,2026-07-21 17:00:00,2026-07-21 18:00:00,2,100
note-075,2026-07-17 09:00:00,2026-07-18 09:00:00,2026-07-21 17:00:00,2026-07-21 18:00:00,2,100
note-076,2026-07-18 09:00:00,2026-07-19 09:00:00,2026-07-22 17:00:00,2026-07-22 18:00:00,2,100
note-077,2026-07-18 09:00:00,2026-07-19 09:00:00,2026-07-22 17:00:00,2026-07-22 18:00:00,2,100
note-078,2026-07-19 09:00:00,2026-07-20 09:00:00,2026-07-23 17:00:00,2026-07-23 18:00:00,2,100
note-079,2026-07-19 09:00:00,2026-07-20 09:00:00,2026-07-23 17:00:00,2026-07-23 18:00:00,2,100
note-080,2026-07-20 09:00:00,2026-07-21 09:00:00,2026-07-24 17:00:00,2026-07-24 18:00:00,2,100
note-081,2026-07-20 09:00:00,2026-07-21 09:00:00,2026-07-24 17:00:00,2026-07-24 18:00:00,2,100
note-082,2026-07-21 09:00:00,2026-07-22 09:00:00,2026-07-25 17:00:00,2026-07-25 18:00:00,2,100
note-083,2026-07-21 09:00:00,2026-07-22 09:00:00,2026-07-25 17:00:00,2026-07-25 18:00:00,2,100
note-084,2026-07-22 09:00:00,2026-07-23 09:00:00,2026-07-26 17:00:00,2026-07-26 18:00:00,2,100
note-085,2026-07-22 09:00:00,2026-07-23 09:00:00,2026-07-26 17:00:00,2026-07-26 18:00:00,2,100
note-086,2026-07-23 09:00:00,2026-07-24 09:00:00,2026-07-27 17:00:00,2026-07-27 18:00:00,2,100
note-087,2026-07-23 09:00:00,2026-07-24 09:00:00,2026-07-27 17:00:00,2026-07-27 18:00:00,2,100
note-088,2026-07-24 09:00:00,2026-07-25 09:00:00,2026-07-28 17:00:00,2026-07-28 18:00:00,2,100
note-089,2026-07-24 09:00:00,2026-07-25 09:00:00,2026-07-28 17:00:00,2026-07-28 18:00:00,2,100
note-090,2026-07-25 09:00:00,2026-07-26 09:00:00,2026-07-29 17:00:00,2026-07-29 18:00:00,2,100
note-091,2026-07-25 09:00:00,2026-07-26 09:00:00,2026-07-29 17:00:00,2026-07-29 18:00:00,2,100
note-092,2026-07-26 09:00:00,2026-07-27 09:00:00,2026-07-30 17:00:00,2026-07-30 18:00:00,2,100
note-093,2026-07-26 09:00:00,2026-07-27 09:00:00,2026-07-30 17:00:00,2026-07-30 18:00:00,2,100
note-094,2026-07-27 09:00:00,2026-07-28 09:00:00,2026-07-31 17:00:00,2026-07-31 18:00:00,2,100
note-095,2026-07-27 09:00:00,2026-07-28 09:00:00,2026-07-31 17:00:00,2026-07-31 18:00:00,2,100
note-096,2026-07-28 09:00:00,2026-07-29 09:00:00,2026-08-01 17:00:00,2026-08-01 18:00:00,2,100
note-097,2026-07-28 09:00:00,2026-07-29 09:00:00,2026-08-01 17:00:00,2026-08-01 18:00:00,2,100
note-098,2026-07-29 09:00:00,2026-07-30 09:00:00,2026-08-02 17:00:00,2026-08-02 18:00:00,2,100
note-099,2026-07-29 09:00:00,2026-07-30 09:00:00,2026-08-02 17:00:00,2026-08-02 18:00:00,2,100
note-100,2026-07-30 09:00:00,2026-07-31 09:00:00,2026-08-03 17:00:00,2026-08-03 18:00:00,2,100
note-101,2026-07-30 09:00:00,2026-07-31 09:00:00,2026-08-03 17:00:00,2026-08-03 18:00:00,2,100
note-102,2026-07-31 09:00:00,2026-08-01 09:00:00,2026-08-04 17:00:00,2026-08-04 18:00:00,2,100
note-103,2026-07-31 09:00:00,2026-08-01 09:00:00,2026-08-04 17:00:00,2026-08-04 18:00:00,2,100
note-104,2026-08-01 09:00:00,2026-08-02 09:00:00,2026-08-05 17:00:00,2026-08-05 18:00:00,2,100
note-105,2026-08-01 09:00:00,2026-08-02 09:00:00,2026-08-05 17:00:00,2026-08-05 18:00:00,2,100
note-106,2026-08-02 09:00:00,2026-08-03 09:00:00,2026-08-06 17:00:00,2026-08-06 18:00:00,2,100
note-107,2026-08-02 09:00:00,2026-08-03 09:00:00,2026-08-06 17:00:00,2026-08-06 18:00:00,2,100
note-108,2026-08-03 09:00:00,2026-08-04 09:00:00,2026-08-07 17:00:00,2026-08-07 18:00:00,2,100
note-109,2026-08-03 09:00:00,2026-08-04 09:00:00,2026-08-07 17:00:00,2026-08-07 18:00:00,2,100
note-110,2026-08-04 09:00:00,2026-08-05 09:00:00,2026-08-08 17:00:00,2026-08-08 18:00:00,2,100
note-111,2026-08-04 09:00:00,2026-08-05 09:00:00,2026-08-08 17:00:00,2026-08-08 18:00:00,2,100
note-112,2026-08-05 09:00:00,2026-08-06 09:00:00,2026-08-09 17:00:00,2026-08-09 18:00:00,2,100
note-113,2026-08-05 09:00:00,2026-08-06 09:00:00,2026-08-09 17:00:00,2026-08-09 18:00:00,2,100
note-114,2026-08-06 09:00:00,2026-08-07 09:00:00,2026-08-10 17:00:00,2026-08-10 18:00:00,2,100
note-115,2026-08-06 09:00:00,2026-08-07 09:00:00,2026-08-10 17:00:00,2026-08-10 18:00:00,2,100
note-116,2026-08-07 09:00:00,2026-08-08 09:00:00,2026-08-11 17:00:00,2026-08-11 18:00:00,2,100
note-117,2026-08-07 09:00:00,2026-08-08 09:00:00,2026-08-11 17:00:00,2026-08-11 18:00:00,2,100
note-118,2026-08-08 09:00:00,2026-08-09 09:00:00,2026-08-12 17:00:00,2026-08-12 18:00:00,2,100
note-119,2026-08-08 09:00:00,2026-08-09 09:00:00,2026-08-12 17:00:00,2026-08-12 18:00:00,2,100
note-120,2026-08-09 09:00:00,2026-08-10 09:00:00,2026-08-13 17:00:00,2026-08-13 18:00:00,2,100
note-121,2026-08-09 09:00:00,2026-08-10 09:00:00,2026-08-13 17:00:00,2026-08-13 18:00:00,2,100
note-122,2026-08-10 09:00:00,2026-08-11 09:00:00,2026-08-14 17:00:00,2026-08-14 18:00:00,2,100
note-123,2026-08-10 09:00:00,2026-08-11 09:00:00,2026-08-14 17:00:00,2026-08-14 18:00:00,2,100
note-124,2026-08-11 09:00:00,2026-08-12 09:00:00,2026-08-15 17:00:00,2026-08-15 18:00:00,2,100
note-125,2026-08-11 09:00:00,2026-08-12 09:00:00,2026-08-15 17:00:00,2026-08-15 18:00:00,2,100
note-126,2026-08-12 09:00:00,2026-08-13 09:00:00,2026-08-16 17:00:00,2026-08-16 18:00:00,2,100
note-127,2026-08-12 09:00:00,2026-08-13 09:00:00,2026-08-16 17:00:00,2026-08-16 18:00:00,2,100
note-128,2026-08-13 09:00:00,2026-08-14 09:00:00,2026-08-17 17:00:00,2026-08-17 18:00:00,2,100
note-129,2026-08-13 09:00:00,2026-08-14 09:00:00,2026-08-17 17:00:00,2026-08-17 18:00:00,2,100
note-130,2026-08-14 09:00:00,2026-08-15 09:00:00,2026-08-18 17:00:00,2026-08-18 18:00:00,2,100
note-131,2026-08-14 09:00:00,2026-08-15 09:00:00,2026-08-18 17:00:00,2026-08-18 18:00:00,2,100
note-132,2026-08-15 09:00:00,2026-08-16 09:00:00,2026-08-19 17:00:00,2026-08-19 18:00:00,2,100
note-133,2026-08-15 09:00:00,2026-08-16 09:00:00,2026-08-19 17:00:00,2026-08-19 18:00:00,2,100
note-134,2026-08-16 09:00:00,2026-08-17 09:00:00,2026-08-20 17:00:00,2026-08-20 18:00:00,2,100
note-135,2026-08-16 09:00:00,2026-08-17 09:00:00,2026-08-20 17:00:00,2026-08-20 18:00:00,2,100
note-136,2026-08-17 09:00:00,2026-08-18 09:00:00,2026-08-21 17:00:00,2026-08-21 18:00:00,2,100
note-137,2026-08-17 09:00:00,2026-08-18 09:00:00,2026-08-21 17:00:00,2026-08-21 18:00:00,2,100
note-138,2026-08-18 09:00:00,2026-08-19 09:00:00,2026-08-22 17:00:00,2026-08-22 18:00:00,2,100
note-139,2026-08-18 09:00:00,2026-08-19 09:00:00,2026-08-22 17:00:00,2026-08-22 18:00:00,2,100
note-140,2026-08-19 09:00:00,2026-08-20 09:00:00,2026-08-23 17:00:00,2026-08-23 18:00:00,2,100
note-141,2026-08-19 09:00:00,2026-08-20 09:00:00,2026-08-23 17:00:00,2026-08-23 18:00:00,2,100
note-142,2026-08-20 09:00:00,2026-08-21 09:00:00,2026-08-24 17:00:00,2026-08-24 18:00:00,2,100
note-143,2026-08-20 09:00:00,2026-08-21 09:00:00,2026-08-24 17:00:00,2026-08-24 18:00:00,2,100
note-144,2026-08-21 09:00:00,2026-08-22 09:00:00,2026-08-25 17:00:00,2026-08-25 18:00:00,2,100
note-145,2026-08-21 09:00:00,2026-08-22 09:00:00,2026-08-25 17:00:00,2026-08-25 18:00:00,2,100
note-146,2026-08-22 09:00:00,2026-08-23 09:00:00,2026-08-26 17:00:00,2026-08-26 18:00:00,2,100
note-147,2026-08-22 09:00:00,2026-08-23 09:00:00,2026-08-26 17:00:00,2026-08-26 18:00:00,2,100
note-148,2026-08-23 09:00:00,2026-08-24 09:00:00,2026-08-27 17:00:00,2026-08-27 18:00:00,2,100
note-149,2026-08-23 09:00:00,2026-08-24 09:00:00,2026-08-27 17:00:00,2026-08-27 18:00:00,2,100
note-150,2026-08-24 09:00:00,2026-08-25 09:00:00,2026-08-28 17:00:00,2026-08-28 18:00:00,2,100
note-151,2026-08-24 09:00:00,2026-08-25 09:00:00,2026-08-28 17:00:00,2026-08-28 18:00:00,2,100
note-152,2026-08-25 09:00:00,2026-08-26 09:00:00,2026-08-29 17:00:00,2026-08-29 18:00:00,2,100
note-153,2026-08-25 09:00:00,2026-08-26 09:00:00,2026-08-29 17:00:00,2026-08-29 18:00:00,2,100
note-154,2026-08-26 09:00:00,2026-08-27 09:00:00,2026-08-30 17:00:00,2026-08-30 18:00:00,2,100
note-155,2026-08-26 09:00:00,2026-08-27 09:00:00,2026-08-30 17:00:00,2026-08-30 18:00:00,2,100
note-156,2026-08-27 09:00:00,2026-08-28 09:00:00,2026-08-31 17:00:00,2026-08-31 18:00:00,2,100
note-157,2026-08-27 09:00:00,2026-08-28 09:00:00,2026-08-31 17:00:00,2026-08-31 18:00:00,2,100
note-158,2026-08-28 09:00:00,2026-08-29 09:00:00,2026-09-01 17:00:00,2026-09-01 18:00:00,2,100
note-159,2026-08-28 09:00:00,2026-08-29 09:00:00,2026-09-01 17:00:00,2026-09-01 18:00:00,2,100
note-160,2026-08-29 09:00:00,2026-08-30 09:00:00,2026-09-02 17:00:00,2026-09-02 18:00:00,2,100
note-161,2026-08-29 09:00:00,2026-08-30 09:00:00,2026-09-02 17:00:00,2026-09-02 18:00:00,2,100
note-162,2026-08-30 09:00:00,2026-08-31 09:00:00,2026-09-03 17:00:00,2026-09-03 18:00:00,2,100
note-163,2026-08-30 09:00:00,2026-08-31 09:00:00,2026-09-03 17:00:00,2026-09-03 18:00:00,2,100
note-164,2026-08-31 09:00:00,2026-09-01 09:00:00,2026-09-04 17:00:00,2026-09-04 18:00:00,2,100
note-165,2026-08-31 09:00:00,2026-09-01 09:00:00,2026-09-04 17:00:00,2026-09-04 18:00:00,2,100
note-166,2026-09-01 09:00:00,2026-09-04 09:00:00,2026-09-05 17:00:00,2026-09-05 18:00:00,2,100
note-167,2026-09-01 09:00:00,2026-09-04 09:00:00,2026-09-05 17:00:00,2026-09-05 18:00:00,2,100
note-168,2026-09-02 09:00:00,2026-09-05 09:00:00,2026-09-06 17:00:00,2026-09-06 18:00:00,2,100
note-169,2026-09-02 09:00:00,2026-09-05 09:00:00,2026-09-06 17:00:00,2026-09-06 18:00:00,2,100
note-170,2026-09-03 09:00:00,2026-09-06 09:00:00,2026-09-07 17:00:00,2026-09-07 18:00:00,2,100
note-171,2026-09-03 09:00:00,2026-09-06 09:00:00,2026-09-07 17:00:00,2026-09-07 18:00:00,2,100
note-172,2026-09-04 09:00:00,2026-09-07 09:00:00,2026-09-08 17:00:00,2026-09-08 18:00:00,2,100
note-173,2026-09-04 09:00:00,2026-09-07 09:00:00,2026-09-08 17:00:00,2026-09-08 18:00:00,2,100
note-174,2026-09-05 09:00:00,2026-09-08 09:00:00,2026-09-09 17:00:00,2026-09-09 18:00:00,2,100
note-175,2026-09-05 09:00:00,2026-09-08 09:00:00,2026-09-09 17:00:00,2026-09-09 18:00:00,2,100
note-176,2026-09-06 09:00:00,2026-09-09 09:00:00,2026-09-10 17:00:00,2026-09-10 18:00:00,2,100
note-177,2026-09-06 09:00:00,2026-09-09 09:00:00,2026-09-10 17:00:00,2026-09-10 18:00:00,2,100
note-178,2026-09-07 09:00:00,2026-09-10 09:00:00,2026-09-11 17:00:00,2026-09-11 18:00:00,2,100
note-179,2026-09-07 09:00:00,2026-09-10 09:00:00,2026-09-11 17:00:00,2026-09-11 18:00:00,2,100
