content_id,platform,account_id,published_at,content_type,topic,campaign
article-000,wechat_official_account,synthetic-game-content,2026-06-14 00:00:00,article,game_update,routine_editorial
article-001,wechat_official_account,synthetic-game-content,2026-06-15 00:00:00,article,card_release,routine_editorial
article-002,wechat_official_account,synthetic-game-content,2026-06-16 00:00:00,article,animation_news,routine_editorial
article-003,wechat_official_account,synthetic-game-content,2026-06-17 00:00:00,article,game_update,routine_editorial
article-004,wechat_official_account,synthetic-game-content,2026-06-18 00:00:00,article,card_release,routine_editorial
article-005,wechat_official_account,synthetic-game-content,2026-06-19 00:00:00,article,animation_news,routine_editorial
article-006,wechat_official_account,synthetic-game-content,2026-06-20 00:00:00,article,game_update,routine_editorial
article-007,wechat_official_account,synthetic-game-content,2026-06-21 00:00:00,article,card_release,routine_editorial
article-008,wechat_official_account,synthetic-game-content,2026-06-22 00:00:00,article,animation_news,routine_editorial
article-009,wechat_official_account,synthetic-game-content,2026-06-23 00:00:00,article,game_update,routine_editorial
article-010,wechat_official_account,synthetic-game-content,2026-06-24 00:00:00,article,card_release,routine_editorial
article-011,wechat_official_account,synthetic-game-content,2026-06-25 00:00:00,article,animation_news,routine_editorial
article-012,wechat_official_account,synthetic-game-content,2026-06-26 00:00:00,article,game_update,routine_editorial
article-013,wechat_official_account,synthetic-game-content,2026-06-27 00:00:00,article,card_release,routine_editorial
article-014,wechat_official_account,synthetic-game-content,2026-06-28 00:00:00,article,animation_news,routine_editorial
article-015,wechat_official_account,synthetic-game-content,2026-06-29 00:00:00,article,game_update,routine_editorial
article-016,wechat_official_account,synthetic-game-content,2026-06-30 00:00:00,article,card_release,routine_editorial
article-017,wechat_official_account,synthetic-game-content,2026-07-01 00:00:00,article,animation_news,routine_editorial
article-018,wechat_official_account,synthetic-game-content,2026-07-02 00:00:00,article,game_update,routine_editorial
article-019,wechat_official_account,synthetic-game-content,2026-07-03 00:00:00,article,card_release,routine_editorial
article-020,wechat_official_account,synthetic-game-content,2026-07-04 00:00:00,article,animation_news,routine_editorial
article-021,wechat_official_account,synthetic-game-content,2026-07-05 00:00:00,article,game_update,routine_editorial
article-022,wechat_official_account,synthetic-game-content,2026-07-06 00:00:00,article,card_release,routine_editorial
article-023,wechat_official_account,synthetic-game-content,2026-07-07 00:00:00,article,animation_news,routine_editorial
article-024,wechat_official_account,synthetic-game-content,2026-07-08 00:00:00,article,game_update,routine_editorial
article-025,wechat_official_account,synthetic-game-content,2026-07-09 00:00:00,article,card_release,routine_editorial
article-026,wechat_official_account,synthetic-game-content,2026-07-10 00:00:00,article,animation_news,routine_editorial
article-027,wechat_official_account,synthetic-game-content,2026-07-11 00:00:00,article,game_update,routine_editorial
article-028,wechat_official_account,synthetic-game-content,2026-07-12 00:00:00,article,card_release,routine_editorial
article-029,wechat_official_account,synthetic-game-content,2026-07-13 00:00:00,article,animation_news,routine_editorial
article-030,wechat_official_account,synthetic-game-content,2026-07-14 00:00:00,article,game_update,routine_editorial
article-031,wechat_official_account,synthetic-game-content,2026-07-15 00:00:00,article,card_release,routine_editorial
article-032,wechat_official_account,synthetic-game-content,2026-07-16 00:00:00,article,animation_news,routine_editorial
article-033,wechat_official_account,synthetic-game-content,2026-07-17 00:00:00,article,game_update,routine_editorial
article-034,wechat_official_account,synthetic-game-content,2026-07-18 00:00:00,article,card_release,routine_editorial
article-035,wechat_official_account,synthetic-game-content,2026-07-19 00:00:00,article,animation_news,routine_editorial
article-036,wechat_official_account,synthetic-game-content,2026-07-20 00:00:00,article,game_update,routine_editorial
article-037,wechat_official_account,synthetic-game-content,2026-07-21 00:00:00,article,card_release,routine_editorial
article-038,wechat_official_account,synthetic-game-content,2026-07-22 00:00:00,article,animation_news,routine_editorial
article-039,wechat_official_account,synthetic-game-content,2026-07-23 00:00:00,article,game_update,routine_editorial
article-040,wechat_official_account,synthetic-game-content,2026-07-24 00:00:00,article,card_release,routine_editorial
article-041,wechat_official_account,synthetic-game-content,2026-07-25 00:00:00,article,animation_news,routine_editorial
article-042,wechat_official_account,synthetic-game-content,2026-07-26 00:00:00,article,game_update,routine_editorial
article-043,wechat_official_account,synthetic-game-content,2026-07-27 00:00:00,article,card_release,routine_editorial
article-044,wechat_official_account,synthetic-game-content,2026-07-28 00:00:00,article,animation_news,routine_editorial
article-045,wechat_official_account,synthetic-game-content,2026-07-29 00:00:00,article,game_update,routine_editorial
article-046,wechat_official_account,synthetic-game-content,2026-07-30 00:00:00,article,card_release,routine_editorial
article-047,wechat_official_account,synthetic-game-content,2026-07-31 00:00:00,article,animation_news,routine_editorial
article-048,wechat_official_account,synthetic-game-content,2026-08-01 00:00:00,article,game_update,routine_editorial
article-049,wechat_official_account,synthetic-game-content,2026-08-02 00:00:00,article,card_release,routine_editorial
article-050,wechat_official_account,synthetic-game-content,2026-08-03 00:00:00,article,animation_news,routine_editorial
article-051,wechat_official_account,synthetic-game-content,2026-08-04 00:00:00,article,game_update,routine_editorial
article-052,wechat_official_account,synthetic-game-content,2026-08-05 00:00:00,article,card_release,routine_editorial
article-053,wechat_official_account,synthetic-game-content,2026-08-06 00:00:00,article,animation_news,routine_editorial
article-054,wechat_official_account,synthetic-game-content,2026-08-07 00:00:00,article,game_update,routine_editorial
article-055,wechat_official_account,synthetic-game-content,2026-08-08 00:00:00,article,card_release,routine_editorial
article-056,wechat_official_account,synthetic-game-content,2026-08-09 00:00:00,article,animation_news,routine_editorial
article-057,wechat_official_account,synthetic-game-content,2026-08-10 00:00:00,article,game_update,routine_editorial
article-058,wechat_official_account,synthetic-game-content,2026-08-11 00:00:00,article,card_release,routine_editorial
article-059,wechat_official_account,synthetic-game-content,2026-08-12 00:00:00,article,animation_news,routine_editorial
article-060,wechat_official_account,synthetic-game-content,2026-08-13 00:00:00,article,game_update,routine_editorial
article-061,wechat_official_account,synthetic-game-content,2026-08-14 00:00:00,article,card_release,routine_editorial
article-062,wechat_official_account,synthetic-game-content,2026-08-15 00:00:00,article,animation_news,routine_editorial
article-063,wechat_official_account,synthetic-game-content,2026-08-16 00:00:00,article,game_update,routine_editorial
article-064,wechat_official_account,synthetic-game-content,2026-08-17 00:00:00,article,card_release,routine_editorial
article-065,wechat_official_account,synthetic-game-content,2026-08-18 00:00:00,article,animation_news,routine_editorial
article-066,wechat_official_account,synthetic-game-content,2026-08-19 00:00:00,article,game_update,routine_editorial
article-067,wechat_official_account,synthetic-game-content,2026-08-20 00:00:00,article,card_release,routine_editorial
article-068,wechat_official_account,synthetic-game-content,2026-08-21 00:00:00,article,animation_news,routine_editorial
article-069,wechat_official_account,synthetic-game-content,2026-08-22 00:00:00,article,game_update,routine_editorial
article-070,wechat_official_account,synthetic-game-content,2026-08-23 00:00:00,article,card_release,routine_editorial
article-071,wechat_official_account,synthetic-game-content,2026-08-24 00:00:00,article,animation_news,routine_editorial
article-072,wechat_official_account,synthetic-game-content,2026-08-25 00:00:00,article,game_update,routine_editorial
article-073,wechat_official_account,synthetic-game-content,2026-08-26 00:00:00,article,card_release,routine_editorial
article-074,wechat_official_account,synthetic-game-content,2026-08-27 00:00:00,article,animation_news,routine_editorial
article-075,wechat_official_account,synthetic-game-content,2026-08-28 00:00:00,article,game_update,routine_editorial
article-076,wechat_official_account,synthetic-game-content,2026-08-29 00:00:00,article,card_release,routine_editorial
article-077,wechat_official_account,synthetic-game-content,2026-08-30 00:00:00,article,animation_news,routine_editorial
article-078,wechat_official_account,synthetic-game-content,2026-08-31 00:00:00,article,game_update,routine_editorial
article-079,wechat_official_account,synthetic-game-content,2026-09-01 00:00:00,article,card_release,routine_editorial
article-080,wechat_official_account,synthetic-game-content,2026-09-02 00:00:00,article,animation_news,routine_editorial
article-081,wechat_official_account,synthetic-game-content,2026-09-03 00:00:00,article,game_update,routine_editorial
article-082,wechat_official_account,synthetic-game-content,2026-09-04 00:00:00,article,card_release,routine_editorial
article-083,wechat_official_account,synthetic-game-content,2026-09-05 00:00:00,article,animation_news,routine_editorial
article-084,wechat_official_account,synthetic-game-content,2026-09-06 00:00:00,article,animation_news,routine_editorial
article-085,wechat_official_account,synthetic-game-content,2026-09-07 00:00:00,article,animation_news,routine_editorial
article-086,wechat_official_account,synthetic-game-content,2026-09-08 00:00:00,article,animation_news,routine_editorial
article-087,wechat_official_account,synthetic-game-content,2026-09-09 00:00:00,article,animation_news,routine_editorial
article-088,wechat_official_account,synthetic-game-content,2026-09-10 00:00:00,article,animation_news,routine_editorial
article-089,wechat_official_account,synthetic-game-content,2026-09-11 00:00:00,article,animation_news,routine_editorial
