date,content_id,platform,account_id,impressions,views,likes,comments,saves,shares,follows
2026-06-14,article-000,wechat_official_account,synthetic-game-content,3554,1777,95,21,53,44,35
2026-06-15,article-001,wechat_official_account,synthetic-game-content,2778,1389,74,16,41,35,27
2026-06-16,article-002,wechat_official_account,synthetic-game-content,2188,1094,58,13,32,28,21
2026-06-17,article-003,wechat_official_account,synthetic-game-content,3624,1812,97,21,54,45,36
2026-06-18,article-004,wechat_official_account,synthetic-game-content,2826,1413,76,16,42,35,28
2026-06-19,article-005,wechat_official_account,synthetic-game-content,2236,1118,60,13,33,28,22
2026-06-20,article-006,wechat_official_account,synthetic-game-content,3614,1807,97,21,54,44,36
2026-06-21,article-007,wechat_official_account,synthetic-game-content,2742,1371,73,16,41,34,27
2026-06-22,article-008,wechat_official_account,synthetic-game-content,2222,1111,59,13,33,28,22
2026-06-23,article-009,wechat_official_account,synthetic-game-content,3630,1815,97,21,54,45,36
2026-06-24,article-010,wechat_official_account,synthetic-game-content,2782,1391,74,16,41,35,27
2026-06-25,article-011,wechat_official_account,synthetic-game-content,2268,1134,61,13,34,28,22
2026-06-26,article-012,wechat_official_account,synthetic-game-content,3564,1782,95,21,53,44,35
2026-06-27,article-013,wechat_official_account,synthetic-game-content,2770,1385,74,16,41,35,27
2026-06-28,article-014,wechat_official_account,synthetic-game-content,2144,1072,57,12,32,27,21
2026-06-29,article-015,wechat_official_account,synthetic-game-content,3656,1828,98,21,54,46,36
2026-06-30,article-016,wechat_official_account,synthetic-game-content,2856,1428,76,17,42,36,28
2026-07-01,article-017,wechat_official_account,synthetic-game-content,2166,1083,58,12,32,27,21
2026-07-02,article-018,wechat_official_account,synthetic-game-content,3632,1816,97,21,54,45,36
2026-07-03,article-019,wechat_official_account,synthetic-game-content,2854,1427,76,17,42,36,28
2026-07-04,article-020,wechat_official_account,synthetic-game-content,2238,1119,60,13,33,28,22
2026-07-05,article-021,wechat_official_account,synthetic-game-content,3560,1780,95,21,53,44,35
2026-07-06,article-022,wechat_official_account,synthetic-game-content,2794,1397,75,16,41,35,27
2026-07-07,article-023,wechat_official_account,synthetic-game-content,2150,1075,58,12,32,27,21
2026-07-08,article-024,wechat_official_account,synthetic-game-content,3608,1804,97,21,54,44,36
2026-07-09,article-025,wechat_official_account,synthetic-game-content,2824,1412,76,16,42,35,28
2026-07-10,article-026,wechat_official_account,synthetic-game-content,2264,1132,60,13,33,29,22
2026-07-11,article-027,wechat_official_account,synthetic-game-content,3584,1792,96,21,53,45,35
2026-07-12,article-028,wechat_official_account,synthetic-game-content,2846,1423,76,17,42,35,28
2026-07-13,article-029,wechat_official_account,synthetic-game-content,2182,1091,58,13,32,27,21
2026-07-14,article-030,wechat_official_account,synthetic-game-content,3664,1832,98,21,54,46,36
2026-07-15,article-031,wechat_official_account,synthetic-game-content,2860,1430,76,17,42,36,28
2026-07-16,article-032,wechat_official_account,synthetic-game-content,2140,1070,57,12,32,27,21
2026-07-17,article-033,wechat_official_account,synthetic-game-content,3604,1802,97,21,54,44,36
2026-07-18,article-034,wechat_official_account,synthetic-game-content,2818,1409,76,16,42,35,28
2026-07-19,article-035,wechat_official_account,synthetic-game-content,2246,1123,60,13,33,28,22
2026-07-20,article-036,wechat_official_account,synthetic-game-content,3652,1826,98,21,54,46,36
2026-07-21,article-037,wechat_official_account,synthetic-game-content,2854,1427,76,17,42,36,28
2026-07-22,article-038,wechat_official_account,synthetic-game-content,2214,1107,59,13,33,27,22
2026-07-23,article-039,wechat_official_account,synthetic-game-content,3540,1770,95,21,53,43,35
2026-07-24,article-040,wechat_official_account,synthetic-game-content,2864,1432,76,17,42,36,28
2026-07-25,article-041,wechat_official_account,synthetic-game-content,2176,1088,58,13,32,27,21
2026-07-26,article-042,wechat_official_account,synthetic-game-content,3594,1797,96,21,53,45,35
2026-07-27,article-043,wechat_official_account,synthetic-game-content,2732,1366,73,16,40,34,27
2026-07-28,article-044,wechat_official_account,synthetic-game-content,2242,1121,60,13,33,28,22
2026-07-29,article-045,wechat_official_account,synthetic-game-content,3656,1828,98,21,54,46,36
2026-07-30,article-046,wechat_official_account,synthetic-game-content,2766,1383,74,16,41,34,27
2026-07-31,article-047,wechat_official_account,synthetic-game-content,2216,1108,59,13,33,27,22
2026-08-01,article-048,wechat_official_account,synthetic-game-content,3542,1771,95,21,53,43,35
2026-08-02,article-049,wechat_official_account,synthetic-game-content,2786,1393,75,16,41,35,27
2026-08-03,article-050,wechat_official_account,synthetic-game-content,2218,1109,59,13,33,28,22
2026-08-04,article-051,wechat_official_account,synthetic-game-content,3550,1775,95,21,53,44,35
2026-08-05,article-052,wechat_official_account,synthetic-game-content,2730,1365,73,16,40,34,27
2026-08-06,article-053,wechat_official_account,synthetic-game-content,2162,1081,58,12,32,27,21
2026-08-07,article-054,wechat_official_account,synthetic-game-content,3606,1803,97,21,54,44,36
2026-08-08,article-055,wechat_official_account,synthetic-game-content,2810,1405,75,16,42,35,28
2026-08-09,article-056,wechat_official_account,synthetic-game-content,2168,1084,58,13,32,27,21
2026-08-10,article-057,wechat_official_account,synthetic-game-content,3660,1830,98,21,54,46,36
2026-08-11,article-058,wechat_official_account,synthetic-game-content,2830,1415,76,16,42,35,28
2026-08-12,article-059,wechat_official_account,synthetic-game-content,2144,1072,57,12,32,27,21
2026-08-13,article-060,wechat_official_account,synthetic-game-content,3604,1802,97,21,54,44,36
2026-08-14,article-061,wechat_official_account,synthetic-game-content,2794,1397,75,16,41,35,27
2026-08-15,article-062,wechat_official_account,synthetic-game-content,2264,1132,60,13,33,29,22
2026-08-16,article-063,wechat_official_account,synthetic-game-content,3548,1774,95,21,53,43,35
2026-08-17,article-064,wechat_official_account,synthetic-game-content,2734,1367,73,16,41,34,27
2026-08-18,article-065,wechat_official_account,synthetic-game-content,2184,1092,58,13,32,28,21
2026-08-19,article-066,wechat_official_account,synthetic-game-content,3554,1777,95,21,53,44,35
2026-08-20,article-067,wechat_official_account,synthetic-game-content,2870,1435,77,17,43,35,28
2026-08-21,article-068,wechat_official_account,synthetic-game-content,2134,1067,57,12,32,27,21
2026-08-22,article-069,wechat_official_account,synthetic-game-content,3634,1817,98,21,54,45,36
2026-08-23,article-070,wechat_official_account,synthetic-game-content,2848,1424,76,17,42,35,28
2026-08-24,article-071,wechat_official_account,synthetic-game-content,2158,1079,58,12,32,27,21
2026-08-25,article-072,wechat_official_account,synthetic-game-content,3562,1781,95,21,53,44,35
2026-08-26,article-073,wechat_official_account,synthetic-game-content,2734,1367,73,16,41,34,27
2026-08-27,article-074,wechat_official_account,synthetic-game-content,2150,1075,58,12,32,27,21
2026-08-28,article-075,wechat_official_account,synthetic-game-content,3630,1815,97,21,54,45,36
2026-08-29,article-076,wechat_official_account,synthetic-game-content,2826,1413,76,16,42,35,28
2026-08-30,article-077,wechat_official_account,synthetic-game-content,2242,1121,60,13,33,28,22
2026-08-31,article-078,wechat_official_account,synthetic-game-content,3560,1780,95,21,53,44,35
2026-09-01,article-079,wechat_official_account,synthetic-game-content,2790,1395,75,16,41,35,27
2026-09-02,article-080,wechat_official_account,synthetic-game-content,2254,1127,60,13,33,29,22
2026-09-03,article-081,wechat_official_account,synthetic-game-content,3534,1767,95,21,53,43,35
2026-09-04,article-082,wechat_official_account,synthetic-game-content,2808,1404,75,16,42,35,28
2026-09-05,article-083,wechat_official_account,synthetic-game-content,1276,638,18,4,10,9,7
2026-09-06,article-084,wechat_official_account,synthetic-game-content,1216,608,17,3,9,10,7
2026-09-07,article-085,wechat_official_account,synthetic-game-content,1274,637,18,4,10,9,7
2026-09-08,article-086,wechat_official_account,synthetic-game-content,1206,603,17,3,9,10,7
2026-09-09,article-087,wechat_official_account,synthetic-game-content,1230,615,17,3,9,10,7
2026-09-10,article-088,wechat_official_account,synthetic-game-content,1334,667,19,4,10,10,8
2026-09-11,article-089,wechat_official_account,synthetic-game-content,1254,627,18,4,10,8,7
