content_id,review_started_at,review_completed_at,scheduled_at,published_at,revision_count
article-000,2026-06-11 10:00:00,2026-06-12 06:00:00,2026-06-14 20:00:00,2026-06-14 20:00:00,1
article-001,2026-06-12 10:00:00,2026-06-13 06:00:00,2026-06-15 20:00:00,2026-06-15 20:00:00,1
article-002,2026-06-13 10:00:00,2026-06-14 06:00:00,2026-06-16 20:00:00,2026-06-16 20:00:00,1
article-003,2026-06-14 10:00:00,2026-06-15 06:00:00,2026-06-17 20:00:00,2026-06-17 20:00:00,1
article-004,2026-06-15 10:00:00,2026-06-16 06:00:00,2026-06-18 20:00:00,2026-06-18 20:00:00,1
article-005,2026-06-16 10:00:00,2026-06-17 06:00:00,2026-06-19 20:00:00,2026-06-19 20:00:00,1
article-006,2026-06-17 10:00:00,2026-06-18 06:00:00,2026-06-20 20:00:00,2026-06-20 20:00:00,1
article-007,2026-06-18 10:00:00,2026-06-19 06:00:00,2026-06-21 20:00:00,2026-06-21 20:00:00,1
article-008,2026-06-19 10:00:00,2026-06-20 06:00:00,2026-06-22 20:00:00,2026-06-22 20:00:00,1
article-009,2026-06-20 10:00:00,2026-06-21 06:00:00,2026-06-23 20:00:00,2026-06-23 20:00:00,1
article-010,2026-06-21 10:00:00,2026-06-22 06:00:00,2026-06-24 20:00:00,2026-06-24 20:00:00,1
article-011,2026-06-22 10:00:00,2026-06-23 06:00:00,2026-06-25 20:00:00,2026-06-25 20:00:00,1
article-012,2026-06-23 10:00:00,2026-06-24 06:00:00,2026-06-26 20:00:00,2026-06-26 20:00:00,1
article-013,2026-06-24 10:00:00,2026-06-25 06:00:00,2026-06-27 20:00:00,2026-06-27 20:00:00,1
article-014,2026-06-25 10:00:00,2026-06-26 06:00:00,2026-06-28 20:00:00,2026-06-28 20:00:00,1
article-015,2026-06-26 10:00:00,2026-06-27 06:00:00,2026-06-29 20:00:00,2026-06-29 20:00:00,1
article-016,2026-06-27 10:00:00,2026-06-28 06:00:00,2026-06-30 20:00:00,2026-06-30 20:00:00,1
article-017,2026-06-28 10:00:00,2026-06-29 06:00:00,2026-07-01 20:00:00,2026-07-01 20:00:00,1
article-018,2026-06-29 10:00:00,2026-06-30 06:00:00,2026-07-02 20:00:00,2026-07-02 20:00:00,1
article-019,2026-06-30 10:00:00,2026-07-01 06:00:00,2026-07-03 20:00:00,2026-07-03 20:00:00,1
article-020,2026-07-01 10:00:00,2026-07-02 06:00:00,2026-07-04 20:00:00,2026-07-04 20:00:00,1
article-021,2026-07-02 10:00:00,2026-07-03 06:00:00,2026-07-05 20:00:00,2026-07-05 20:00:00,1
article-022,2026-07-03 10:00:00,2026-07-04 06:00:00,2026-07-06 20:00:00,2026-07-06 20:00:00,1
article-023,2026-07-04 10:00:00,2026-07-05 06:00:00,2026-07-07 20:00:00,2026-07-07 20:00:00,1
article-024,2026-07-05 10:00:00,2026-07-06 06:00:00,2026-07-08 20:00:00,2026-07-08 20:00:00,1
article-025,2026-07-06 10:00:00,2026-07-07 06:00:00,2026-07-09 20:00:00,2026-07-09 20:00:00,1
article-026,2026-07-07 10:00:00,2026-07-08 06:00:00,2026-07-10 20:00:00,2026-07-10 20:00:00,1
article-027,2026-07-08 10:00:00,2026-07-09 06:00:00,2026-07-11 20:00:00,2026-07-11 20:00:00,1
article-028,2026-07-09 10:00:00,2026-07-10 06:00:00,2026-07-12 20:00:00,2026-07-12 20:00:00,1
article-029,2026-07-10 10:00:00,2026-07-11 06:00:00,2026-07-13 20:00:00,2026-07-13 20:00:00,1
article-030,2026-07-11 10:00:00,2026-07-12 06:00:00,2026-07-14 20:00:00,2026-07-14 20:00:00,1
article-031,2026-07-12 10:00:00,2026-07-13 06:00:00,2026-07-15 20:00:00,2026-07-15 20:00:00,1
article-032,2026-07-13 10:00:00,2026-07-14 06:00:00,2026-07-16 20:00:00,2026-07-16 20:00:00,1
article-033,2026-07-14 10:00:00,2026-07-15 06:00:00,2026-07-17 20:00:00,2026-07-17 20:00:00,1
article-034,2026-07-15 10:00:00,2026-07-16 06:00:00,2026-07-18 20:00:00,2026-07-18 20:00:00,1
article-035,2026-07-16 10:00:00,2026-07-17 06:00:00,2026-07-19 20:00:00,2026-07-19 20:00:00,1
article-036,2026-07-17 10:00:00,2026-07-18 06:00:00,2026-07-20 20:00:00,2026-07-20 20:00:00,1
article-037,2026-07-18 10:00:00,2026-07-19 06:00:00,2026-07-21 20:00:00,2026-07-21 20:00:00,1
article-038,2026-07-19 10:00:00,2026-07-20 06:00:00,2026-07-22 20:00:00,2026-07-22 20:00:00,1
article-039,2026-07-20 10:00:00,2026-07-21 06:00:00,2026-07-23 20:00:00,2026-07-23 20:00:00,1
article-040,2026-07-21 10:00:00,2026-07-22 06:00:00,2026-07-24 20:00:00,2026-07-24 20:00:00,1
article-041,2026-07-22 10:00:00,2026-07-23 06:00:00,2026-07-25 20:00:00,2026-07-25 20:00:00,1
article-042,2026-07-23 10:00:00,2026-07-24 06:00:00,2026-07-26 20:00:00,2026-07-26 20:00:00,1
article-043,2026-07-24 10:00:00,2026-07-25 06:00:00,2026-07-27 20:00:00,2026-07-27 20:00:00,1
article-044,2026-07-25 10:00:00,2026-07-26 06:00:00,2026-07-28 20:00:00,2026-07-28 20:00:00,1
article-045,2026-07-26 10:00:00,2026-07-27 06:00:00,2026-07-29 20:00:00,2026-07-29 20:00:00,1
article-046,2026-07-27 10:00:00,2026-07-28 06:00:00,2026-07-30 20:00:00,2026-07-30 20:00:00,1
article-047,2026-07-28 10:00:00,2026-07-29 06:00:00,2026-07-31 20:00:00,2026-07-31 20:00:00,1
article-048,2026-07-29 10:00:00,2026-07-30 06:00:00,2026-08-01 20:00:00,2026-08-01 20:00:00,1
article-049,2026-07-30 10:00:00,2026-07-31 06:00:00,2026-08-02 20:00:00,2026-08-02 20:00:00,1
article-050,2026-07-31 10:00:00,2026-08-01 06:00:00,2026-08-03 20:00:00,2026-08-03 20:00:00,1
article-051,2026-08-01 10:00:00,2026-08-02 06:00:00,2026-08-04 20:00:00,2026-08-04 20:00:00,1
article-052,2026-08-02 10:00:00,2026-08-03 06:00:00,2026-08-05 20:00:00,2026-08-05 20:00:00,1
article-053,2026-08-03 10:00:00,2026-08-04 06:00:00,2026-08-06 20:00:00,2026-08-06 20:00:00,1
article-054,2026-08-04 10:00:00,2026-08-05 06:00:00,2026-08-07 20:00:00,2026-08-07 20:00:00,1
article-055,2026-08-05 10:00:00,2026-08-06 06:00:00,2026-08-08 20:00:00,2026-08-08 20:00:00,1
article-056,2026-08-06 10:00:00,2026-08-07 06:00:00,2026-08-09 20:00:00,2026-08-09 20:00:00,1
article-057,2026-08-07 10:00:00,2026-08-08 06:00:00,2026-08-10 20:00:00,2026-08-10 20:00:00,1
article-058,2026-08-08 10:00:00,2026-08-09 06:00:00,2026-08-11 20:00:00,2026-08-11 20:00:00,1
article-059,2026-08-09 10:00:00,2026-08-10 06:00:00,2026-08-12 20:00:00,2026-08-12 20:00:00,1
article-060,2026-08-10 10:00:00,2026-08-11 06:00:00,2026-08-13 20:00:00,2026-08-13 20:00:00,1
article-061,2026-08-11 10:00:00,2026-08-12 06:00:00,2026-08-14 20:00:00,2026-08-14 20:00:00,1
article-062,2026-08-12 10:00:00,2026-08-13 06:00:00,2026-08-15 20:00:00,2026-08-15 20:00:00,1
article-063,2026-08-13 10:00:00,2026-08-14 06:00:00,2026-08-16 20:00:00,2026-08-16 20:00:00,1
article-064,2026-08-14 10:00:00,2026-08-15 06:00:00,2026-08-17 20:00:00,2026-08-17 20:00:00,1
article-065,2026-08-15 10:00:00,2026-08-16 06:00:00,2026-08-18 20:00:00,2026-08-18 20:00:00,1
article-066,2026-08-16 10:00:00,2026-08-17 06:00:00,2026-08-19 20:00:00,2026-08-19 20:00:00,1
article-067,2026-08-17 10:00:00,2026-08-18 06:00:00,2026-08-20 20:00:00,2026-08-20 20:00:00,1
article-068,2026-08-18 10:00:00,2026-08-19 06:00:00,2026-08-21 20:00:00,2026-08-21 20:00:00,1
article-069,2026-08-19 10:00:00,2026-08-20 06:00:00,2026-08-22 20:00:00,2026-08-22 20:00:00,1
article-070,2026-08-20 10:00:00,2026-08-21 06:00:00,2026-08-23 20:00:00,2026-08-23 20:00:00,1
article-071,2026-08-21 10:00:00,2026-08-22 06:00:00,2026-08-24 20:00:00,2026-08-24 20:00:00,1
article-072,2026-08-22 10:00:00,2026-08-23 06:00:00,2026-08-25 20:00:00,2026-08-25 20:00:00,1
article-073,2026-08-23 10:00:00,2026-08-24 06:00:00,2026-08-26 20:00:00,2026-08-26 20:00:00,1
article-074,2026-08-24 10:00:00,2026-08-25 06:00:00,2026-08-27 20:00:00,2026-08-27 20:00:00,1
article-075,2026-08-25 10:00:00,2026-08-26 06:00:00,2026-08-28 20:00:00,2026-08-28 20:00:00,1
article-076,2026-08-26 10:00:00,2026-08-27 06:00:00,2026-08-29 20:00:00,2026-08-29 20:00:00,1
article-077,2026-08-27 10:00:00,2026-08-28 06:00:00,2026-08-30 20:00:00,2026-08-30 20:00:00,1
article-078,2026-08-28 10:00:00,2026-08-29 06:00:00,2026-08-31 20:00:00,2026-08-31 20:00:00,1
article-079,2026-08-29 10:00:00,2026-08-30 06:00:00,2026-09-01 20:00:00,2026-09-01 20:00:00,1
article-080,2026-08-30 10:00:00,2026-08-31 06:00:00,2026-09-02 20:00:00,2026-09-02 20:00:00,1
article-081,2026-08-31 10:00:00,2026-09-01 06:00:00,2026-09-03 20:00:00,2026-09-03 20:00:00,1
article-082,2026-09-01 10:00:00,2026-09-02 06:00:00,2026-09-04 20:00:00,2026-09-04 20:00:00,1
article-083,2026-09-02 10:00:00,2026-09-04 20:00:00,2026-09-05 20:00:00,2026-09-05 20:00:00,3
article-084,2026-09-03 10:00:00,2026-09-05 20:00:00,2026-09-06 20:00:00,2026-09-06 20:00:00,3
article-085,2026-09-04 10:00:00,2026-09-06 20:00:00,2026-09-07 20:00:00,2026-09-07 20:00:00,3
article-086,2026-09-05 10:00:00,2026-09-07 20:00:00,2026-09-08 20:00:00,2026-09-08 20:00:00,3
article-087,2026-09-06 10:00:00,2026-09-08 20:00:00,2026-09-09 20:00:00,2026-09-09 20:00:00,3
article-088,2026-09-07 10:00:00,2026-09-09 20:00:00,2026-09-10 20:00:00,2026-09-10 20:00:00,3
article-089,2026-09-08 10:00:00,2026-09-10 20:00:00,2026-09-11 20:00:00,2026-09-11 20:00:00,3
